Library Order,MAE Derivative
1,0.061588161021517276
2,0.02902782914090789
3,0.028507552173184018
4,0.02214973679338454
5,0.02039999150676203
