Library Order,MAE Derivative
1,11.636600404114317
2,0.6006449774350758
3,0.5971350300008864
4,0.3869546305129598
5,0.18154153101892176
